,none_pos_rate,none_neg_rate,none_neu_rate,left_pos_rate,left_neg_rate,left_neu_rate,right_pos_rate,right_neg_rate,right_neu_rate,center_pos_rate,center_neg_rate,center_neu_rate,left_pos_diff,left_neg_diff,left_neu_diff,right_pos_diff,right_neg_diff,right_neu_diff,center_pos_diff,center_neg_diff,center_neu_diff
m9xLaCZZhJM6sXhk,0.0,1.0,0.0,0.024390243902439025,0.975609756097561,0.0,0.0,1.0,0.0,0.0,1.0,0.0,0.024390243902439025,0.024390243902439046,0.0,0.0,0.0,0.0,0.0,0.0,0.0
mYUN3yU2ZzEiTRj8,0.05,0.05,0.9,0.0,0.39285714285714285,0.6071428571428571,0.0,0.5079365079365079,0.49206349206349204,0.0,0.14814814814814814,0.8518518518518519,0.05,0.34285714285714286,0.2928571428571429,0.05,0.4579365079365079,0.407936507936508,0.05,0.09814814814814814,0.04814814814814816
RZZEz0UTrcKGl8wt,0.0,0.0,1.0,0.0,0.4166666666666667,0.5833333333333334,0.0,0.4444444444444444,0.5555555555555556,0.0,0.125,0.875,0.0,0.4166666666666667,0.41666666666666663,0.0,0.4444444444444444,0.4444444444444444,0.0,0.125,0.125
HHfhDcvNuoGEW17a,0.05,0.3,0.65,0.0,0.018867924528301886,0.9811320754716981,0.0,0.45,0.55,0.0,0.19298245614035087,0.8070175438596491,0.05,0.2811320754716981,0.3311320754716981,0.05,0.15000000000000002,0.09999999999999998,0.05,0.10701754385964912,0.15701754385964906
pNTtAAalU3m0Mrjy,0.0,0.8,0.2,0.0,0.0,1.0,0.0,0.023255813953488372,0.9767441860465116,0.0,0.0,1.0,0.0,0.8,0.8,0.0,0.7767441860465116,0.7767441860465116,0.0,0.8,0.8
CHRU4zLQwzmR8dCO,0.0,0.8333333333333334,0.16666666666666666,0.0,0.8846153846153846,0.11538461538461539,0.0,0.875,0.125,0.0,0.9090909090909091,0.09090909090909091,0.0,0.05128205128205121,0.051282051282051266,0.0,0.04166666666666663,0.04166666666666666,0.0,0.07575757575757569,0.07575757575757575
2m9ArRDdjOEUNBrK,0.0,1.0,0.0,0.0,1.0,0.0,0.0,1.0,0.0,0.0,1.0,0.0,0.0,0.0,0.0,0.0,0.0,0.0,0.0,0.0,0.0
4X4Y4u3Aivqgl2Me,0.0,1.0,0.0,0.0,0.2608695652173913,0.7391304347826086,0.0,1.0,0.0,0.0,0.7586206896551724,0.2413793103448276,0.0,0.7391304347826086,0.7391304347826086,0.0,0.0,0.0,0.0,0.24137931034482762,0.2413793103448276
YFGu6SHCGvBKbRtg,0.0,0.0,1.0,0.0,0.0,1.0,0.0,0.6216216216216216,0.3783783783783784,0.0,0.0,1.0,0.0,0.0,0.0,0.0,0.6216216216216216,0.6216216216216216,0.0,0.0,0.0
YaVaTHok9jb2tMPW,0.0,0.8888888888888888,0.1111111111111111,0.0,0.925,0.075,0.0,0.926829268292683,0.07317073170731707,0.0,0.9629629629629629,0.037037037037037035,0.0,0.036111111111111205,0.03611111111111111,0.0,0.03794037940379413,0.037940379403794036,0.0,0.07407407407407407,0.07407407407407407
bTlgskrBQAfX1K5J,0.0,1.0,0.0,0.0,0.6,0.4,0.0,1.0,0.0,0.0,0.5625,0.4375,0.0,0.4,0.4,0.0,0.0,0.0,0.0,0.4375,0.4375
G98t3HFV4jQdtUMG,1.0,0.0,0.0,1.0,0.0,0.0,1.0,0.0,0.0,1.0,0.0,0.0,0.0,0.0,0.0,0.0,0.0,0.0,0.0,0.0,0.0
TG7cJS5K28yB91nh,0.0,0.9545454545454546,0.045454545454545456,0.0,0.9866666666666667,0.013333333333333334,0.0,0.9078947368421053,0.09210526315789473,0.0,1.0,0.0,0.0,0.032121212121212106,0.03212121212121212,0.0,0.046650717703349276,0.046650717703349276,0.0,0.045454545454545414,0.045454545454545456
0K50WseXmv7TlVrc,0.0,0.0,1.0,0.0,0.0,1.0,0.0,0.0,1.0,0.0,0.0,1.0,0.0,0.0,0.0,0.0,0.0,0.0,0.0,0.0,0.0
ZgfrHUBUyO5OeTUF,0.0,1.0,0.0,0.0,1.0,0.0,0.0,1.0,0.0,0.0,1.0,0.0,0.0,0.0,0.0,0.0,0.0,0.0,0.0,0.0,0.0
1pn6oDxVqCgp6Zrh,0.0,0.7,0.3,0.0,0.04477611940298507,0.9552238805970149,0.0,0.05970149253731343,0.9402985074626866,0.0,0.2191780821917808,0.7808219178082192,0.0,0.6552238805970149,0.655223880597015,0.0,0.6402985074626866,0.6402985074626866,0.0,0.48082191780821915,0.4808219178082192
DSKLoOjPHQT4Z1l3,0.0,0.7142857142857143,0.2857142857142857,0.0,0.7272727272727273,0.2727272727272727,0.0,0.7142857142857143,0.2857142857142857,0.0,0.7,0.3,0.0,0.012987012987012991,0.012987012987012991,0.0,0.0,0.0,0.0,0.014285714285714346,0.01428571428571429
3UYOrZ7sH6zmFXBA,0.9444444444444444,0.05555555555555555,0.0,0.85,0.15,0.0,0.9605263157894737,0.02631578947368421,0.013157894736842105,0.9180327868852459,0.08196721311475409,0.0,0.09444444444444444,0.09444444444444444,0.0,0.016081871345029253,0.029239766081871343,0.013157894736842105,0.026411657559198498,0.02641165755919854,0.0
IZKptiBCK1viKCuP,0.0,1.0,0.0,0.0,0.84375,0.15625,0.0,0.835820895522388,0.16417910447761194,0.0,0.9807692307692307,0.019230769230769232,0.0,0.15625,0.15625,0.0,0.16417910447761197,0.16417910447761194,0.0,0.019230769230769273,0.019230769230769232
9WtDQCzo2NoqFVYm,0.0,1.0,0.0,0.0,1.0,0.0,0.0,1.0,0.0,0.0,1.0,0.0,0.0,0.0,0.0,0.0,0.0,0.0,0.0,0.0,0.0
r2Uz2teYQP43B9zx,0.0,0.9285714285714286,0.07142857142857142,0.0,0.975609756097561,0.024390243902439025,0.0,0.9210526315789473,0.07894736842105263,0.0,0.9487179487179487,0.05128205128205128,0.0,0.04703832752613235,0.0470383275261324,0.0,0.007518796992481258,0.007518796992481203,0.0,0.020146520146520075,0.020146520146520144
uowwfKkOVvJsH81H,1.0,0.0,0.0,0.7014925373134329,0.2835820895522388,0.014925373134328358,0.9850746268656716,0.014925373134328358,0.0,0.8656716417910447,0.11940298507462686,0.014925373134328358,0.29850746268656714,0.2835820895522388,0.014925373134328358,0.014925373134328401,0.014925373134328358,0.0,0.13432835820895528,0.11940298507462686,0.014925373134328358
emM7xhxu0clizZhc,0.0,1.0,0.0,0.0,0.8695652173913043,0.13043478260869565,0.0,0.9629629629629629,0.037037037037037035,0.0,0.75,0.25,0.0,0.13043478260869568,0.13043478260869565,0.0,0.03703703703703709,0.037037037037037035,0.0,0.25,0.25
pXqYxsCCwv5rD8Lz,1.0,0.0,0.0,0.9473684210526315,0.0,0.05263157894736842,0.5789473684210527,0.0,0.42105263157894735,0.5714285714285714,0.0,0.42857142857142855,0.052631578947368474,0.0,0.05263157894736842,0.42105263157894735,0.0,0.42105263157894735,0.4285714285714286,0.0,0.42857142857142855
W1FrXWRSCms3g4q0,0.0,0.0,1.0,0.0,0.0,1.0,0.0,0.0,1.0,0.0,0.0,1.0,0.0,0.0,0.0,0.0,0.0,0.0,0.0,0.0,0.0
JY36h5s2FfMeXqPp,0.0,0.38461538461538464,0.6153846153846154,0.0,0.3,0.7,0.0,0.5121951219512195,0.4878048780487805,0.0,0.30952380952380953,0.6904761904761905,0.0,0.08461538461538465,0.08461538461538454,0.0,0.1275797373358349,0.12757973733583494,0.0,0.0750915750915751,0.07509157509157505
X4bRYdQzm719kfPT,0.42105263157894735,0.5263157894736842,0.05263157894736842,0.16216216216216217,0.40540540540540543,0.43243243243243246,0.47692307692307695,0.49230769230769234,0.03076923076923077,0.43137254901960786,0.47058823529411764,0.09803921568627451,0.2588904694167852,0.12091038406827875,0.37980085348506404,0.055870445344129605,0.034008097165991846,0.021862348178137647,0.01031991744066052,0.05572755417956654,0.04540763673890609
1CxryAAAXfT0xvAk,0.0,0.0,1.0,0.09090909090909091,0.0,0.9090909090909091,0.06896551724137931,0.0,0.9310344827586207,0.12,0.0,0.88,0.09090909090909091,0.0,0.09090909090909094,0.06896551724137931,0.0,0.06896551724137934,0.12,0.0,0.12
BZWx9ld7u35DPcQX,0.0,0.8947368421052632,0.10526315789473684,0.0,0.8333333333333334,0.16666666666666666,0.0,0.9508196721311475,0.04918032786885246,0.0,0.8448275862068966,0.15517241379310345,0.0,0.06140350877192979,0.06140350877192982,0.0,0.05608283002588432,0.05608283002588438,0.0,0.04990925589836659,0.04990925589836662
2AkshxR0E4EhiUfO,0.0,0.9333333333333333,0.06666666666666667,0.0,0.7631578947368421,0.23684210526315788,0.0,0.7631578947368421,0.23684210526315788,0.0,0.7647058823529411,0.23529411764705882,0.0,0.1701754385964912,0.1701754385964912,0.0,0.1701754385964912,0.1701754385964912,0.0,0.16862745098039222,0.16862745098039217
9u5E7B5QhXuNTUoF,0.0,0.0,1.0,0.35555555555555557,0.0,0.6444444444444445,0.0,0.1276595744680851,0.8723404255319149,0.0,0.07142857142857142,0.9285714285714286,0.35555555555555557,0.0,0.3555555555555555,0.0,0.1276595744680851,0.12765957446808507,0.0,0.07142857142857142,0.0714285714285714
RIf2o5kfNI3uKYio,0.0,0.3333333333333333,0.6666666666666666,0.0,0.9230769230769231,0.07692307692307693,0.0,1.0,0.0,0.0,1.0,0.0,0.0,0.5897435897435899,0.5897435897435896,0.0,0.6666666666666667,0.6666666666666666,0.0,0.6666666666666667,0.6666666666666666
IZo6lMXClFebfebU,0.0,1.0,0.0,0.0,0.9722222222222222,0.027777777777777776,0.0,0.84375,0.15625,0.0,0.9333333333333333,0.06666666666666667,0.0,0.02777777777777779,0.027777777777777776,0.0,0.15625,0.15625,0.0,0.06666666666666665,0.06666666666666667
VX7HCOlCNSZgwDjf,0.0,0.6785714285714286,0.32142857142857145,0.0,0.6627906976744186,0.3372093023255814,0.0,0.8470588235294118,0.15294117647058825,0.0,0.7078651685393258,0.29213483146067415,0.0,0.015780730897010042,0.01578073089700993,0.0,0.16848739495798315,0.1684873949579832,0.0,0.029293739967897192,0.029293739967897303
CUSHzzvCpL9V9hiZ,0.0,0.8,0.2,0.0,0.8,0.2,0.0,0.96,0.04,0.0,1.0,0.0,0.0,0.0,0.0,0.0,0.15999999999999992,0.16,0.0,0.19999999999999996,0.2
Aq3P5JB1zDRQWBMW,0.0,1.0,0.0,0.0,1.0,0.0,0.0,1.0,0.0,0.0,1.0,0.0,0.0,0.0,0.0,0.0,0.0,0.0,0.0,0.0,0.0
IActsU428DJW1z3z,1.0,0.0,0.0,0.2,0.13333333333333333,0.6666666666666666,0.11764705882352941,0.11764705882352941,0.7647058823529411,0.0,0.55,0.45,0.8,0.13333333333333333,0.6666666666666666,0.8823529411764706,0.11764705882352941,0.7647058823529411,1.0,0.55,0.45
HlwcTEztUtQpbhC8,0.36363636363636365,0.0,0.6363636363636364,0.5344827586206896,0.25862068965517243,0.20689655172413793,0.109375,0.109375,0.78125,0.05,0.25,0.7,0.17084639498432597,0.25862068965517243,0.42946708463949845,0.25426136363636365,0.109375,0.14488636363636365,0.31363636363636366,0.25,0.0636363636363636
Bd0DwED0z8OyyYci,0.0,0.19047619047619047,0.8095238095238095,0.0,0.78125,0.21875,0.0,0.8214285714285714,0.17857142857142858,0.0,0.3770491803278688,0.6229508196721312,0.0,0.5907738095238095,0.5907738095238095,0.0,0.6309523809523809,0.6309523809523809,0.0,0.18657298985167836,0.18657298985167836
GPvjU7zNo4sKobri,0.7333333333333333,0.0,0.26666666666666666,0.0,0.0,1.0,0.1111111111111111,0.0,0.8888888888888888,0.0,0.022222222222222223,0.9777777777777777,0.7333333333333333,0.0,0.7333333333333334,0.6222222222222222,0.0,0.6222222222222222,0.7333333333333333,0.022222222222222223,0.711111111111111
ubRl3JatxPTSo75F,0.0,0.0,1.0,0.0,0.0,1.0,0.0,0.0,1.0,0.0,0.0,1.0,0.0,0.0,0.0,0.0,0.0,0.0,0.0,0.0,0.0
FX5YVayirhBIVIXB,0.0,1.0,0.0,0.0,1.0,0.0,0.0,1.0,0.0,0.0,1.0,0.0,0.0,0.0,0.0,0.0,0.0,0.0,0.0,0.0,0.0
UQM7JOuSPwHnFiIK,0.7777777777777778,0.2222222222222222,0.0,0.3333333333333333,0.6666666666666666,0.0,0.0,0.627906976744186,0.37209302325581395,0.058823529411764705,0.9411764705882353,0.0,0.4444444444444445,0.4444444444444444,0.0,0.7777777777777778,0.40568475452196384,0.37209302325581395,0.7189542483660131,0.7189542483660131,0.0
wO8kVbL8Wuk4C2Dz,0.0,0.75,0.25,0.0,0.6363636363636364,0.36363636363636365,0.0,0.9130434782608695,0.08695652173913043,0.0,0.926829268292683,0.07317073170731707,0.0,0.11363636363636365,0.11363636363636365,0.0,0.1630434782608695,0.16304347826086957,0.0,0.17682926829268297,0.17682926829268292
hq4OxpaiSAkf8ocE,0.2,0.2,0.6,0.375,0.0,0.625,0.5882352941176471,0.29411764705882354,0.11764705882352941,0.42105263157894735,0.0,0.5789473684210527,0.175,0.2,0.025000000000000022,0.38823529411764707,0.09411764705882353,0.48235294117647054,0.22105263157894733,0.2,0.021052631578947323
jLMW42Y7wLhjs6bL,0.0,0.0,1.0,0.0,0.0,1.0,0.0,0.0,1.0,0.0,0.0,1.0,0.0,0.0,0.0,0.0,0.0,0.0,0.0,0.0,0.0
WE4kih1WmAQlXIoB,0.0,1.0,0.0,0.0,0.0,1.0,0.5625,0.0,0.4375,0.0,0.0,1.0,0.0,1.0,1.0,0.5625,1.0,0.4375,0.0,1.0,1.0
VnEdCJslRwaaUIfw,0.0,0.1,0.9,0.0,0.25,0.75,0.0,0.36363636363636365,0.6363636363636364,0.0,0.0,1.0,0.0,0.15,0.15000000000000002,0.0,0.26363636363636367,0.26363636363636367,0.0,0.1,0.09999999999999998
FWPhL3grHpTqOGO5,0.0,0.48148148148148145,0.5185185185185185,0.0,0.3116883116883117,0.6883116883116883,0.0,0.6,0.4,0.0,0.4642857142857143,0.5357142857142857,0.0,0.16979316979316977,0.16979316979316983,0.0,0.11851851851851852,0.11851851851851847,0.0,0.017195767195767153,0.01719576719576721
PJGMeoFXqJD3gTLO,0.0,0.9090909090909091,0.09090909090909091,0.08333333333333333,0.6666666666666666,0.25,0.24242424242424243,0.21212121212121213,0.5454545454545454,0.0,0.5882352941176471,0.4117647058823529,0.08333333333333333,0.24242424242424243,0.1590909090909091,0.24242424242424243,0.6969696969696969,0.4545454545454545,0.0,0.320855614973262,0.320855614973262
ix6Gm02qJ16lUW0S,0.0,0.0,1.0,0.0625,0.0,0.9375,0.06382978723404255,0.0,0.9361702127659575,0.047619047619047616,0.0,0.9523809523809523,0.0625,0.0,0.0625,0.06382978723404255,0.0,0.06382978723404253,0.047619047619047616,0.0,0.04761904761904767
LJZlaZLHThVJz0AA,0.0,0.1111111111111111,0.8888888888888888,0.0,0.8695652173913043,0.13043478260869565,0.0,0.0,1.0,0.0,0.7777777777777778,0.2222222222222222,0.0,0.7584541062801933,0.7584541062801932,0.0,0.1111111111111111,0.11111111111111116,0.0,0.6666666666666667,0.6666666666666666
KGD6DwDqIwmVTIGX,0.0,0.0,1.0,0.0,0.0,1.0,0.0,0.0,1.0,0.0,0.0,1.0,0.0,0.0,0.0,0.0,0.0,0.0,0.0,0.0,0.0
jgyqUddveLpFfRq8,0.7894736842105263,0.0,0.21052631578947367,0.9152542372881356,0.0,0.0847457627118644,0.8888888888888888,0.0,0.1111111111111111,0.7692307692307693,0.0,0.23076923076923078,0.12578055307760927,0.0,0.12578055307760927,0.09941520467836251,0.0,0.09941520467836257,0.020242914979757054,0.0,0.02024291497975711
I0KcM1wFzY0HZbHX,0.0,0.5,0.5,0.0,0.19444444444444445,0.8055555555555556,0.0,0.4883720930232558,0.5116279069767442,0.0,0.2972972972972973,0.7027027027027027,0.0,0.3055555555555556,0.3055555555555556,0.0,0.011627906976744207,0.011627906976744207,0.0,0.2027027027027027,0.20270270270270274
H564bz7v5nATv96j,1.0,0.0,0.0,0.5625,0.0,0.4375,0.9615384615384616,0.0,0.038461538461538464,0.7083333333333334,0.0,0.2916666666666667,0.4375,0.0,0.4375,0.038461538461538436,0.0,0.038461538461538464,0.29166666666666663,0.0,0.2916666666666667
4CJfxxADszsfnEt0,0.7857142857142857,0.21428571428571427,0.0,0.723404255319149,0.1702127659574468,0.10638297872340426,0.8695652173913043,0.13043478260869565,0.0,0.7872340425531915,0.19148936170212766,0.02127659574468085,0.06231003039513672,0.04407294832826747,0.10638297872340426,0.08385093167701863,0.08385093167701863,0.0,0.001519756838905817,0.022796352583586615,0.02127659574468085
LqPzf9pXmR4tiAfr,0.0,1.0,0.0,0.0,0.8571428571428571,0.14285714285714285,0.0,0.9285714285714286,0.07142857142857142,0.0,0.71875,0.28125,0.0,0.1428571428571429,0.14285714285714285,0.0,0.0714285714285714,0.07142857142857142,0.0,0.28125,0.28125
1Qsy460ruzlWpj9W,0.0,0.8333333333333334,0.16666666666666666,0.0,0.7142857142857143,0.2857142857142857,0.0,1.0,0.0,0.0,0.9259259259259259,0.07407407407407407,0.0,0.11904761904761907,0.11904761904761904,0.0,0.16666666666666663,0.16666666666666666,0.0,0.09259259259259256,0.09259259259259259
RKQybO9qd5p9C7wf,1.0,0.0,0.0,1.0,0.0,0.0,1.0,0.0,0.0,1.0,0.0,0.0,0.0,0.0,0.0,0.0,0.0,0.0,0.0,0.0,0.0
nONmxCSBp8Ow8A1F,0.0,1.0,0.0,0.0,0.975609756097561,0.024390243902439025,0.0,0.7045454545454546,0.29545454545454547,0.0,0.9166666666666666,0.08333333333333333,0.0,0.024390243902439046,0.024390243902439025,0.0,0.2954545454545454,0.29545454545454547,0.0,0.08333333333333337,0.08333333333333333
VEat4cGEWtaIavFL,0.0,0.0,1.0,0.0,0.09302325581395349,0.9069767441860465,0.0,0.16470588235294117,0.8352941176470589,0.0,0.1276595744680851,0.8723404255319149,0.0,0.09302325581395349,0.09302325581395354,0.0,0.16470588235294117,0.16470588235294115,0.0,0.1276595744680851,0.12765957446808507
Vejy9jG4UuFFx138,0.0,0.0,1.0,0.0,0.0,1.0,0.0,0.0,1.0,0.0,0.0,1.0,0.0,0.0,0.0,0.0,0.0,0.0,0.0,0.0,0.0
NBdqoetS9WTV9t2t,0.0,1.0,0.0,0.0,0.75,0.25,0.0,1.0,0.0,0.0,0.8571428571428571,0.14285714285714285,0.0,0.25,0.25,0.0,0.0,0.0,0.0,0.1428571428571429,0.14285714285714285
EvyRAcsI7Mz9bose,0.0,0.2857142857142857,0.7142857142857143,0.0,0.8666666666666667,0.13333333333333333,0.0,0.9,0.1,0.0,0.8636363636363636,0.13636363636363635,0.0,0.580952380952381,0.580952380952381,0.0,0.6142857142857143,0.6142857142857143,0.0,0.577922077922078,0.577922077922078
tB7q500qw5aKfong,0.0,1.0,0.0,0.0,1.0,0.0,0.0,1.0,0.0,0.0,0.6551724137931034,0.3448275862068966,0.0,0.0,0.0,0.0,0.0,0.0,0.0,0.3448275862068966,0.3448275862068966
DuJ2dpzVJCVZ2Lmr,0.9166666666666666,0.08333333333333333,0.0,0.03333333333333333,0.9666666666666667,0.0,0.3333333333333333,0.6666666666666666,0.0,0.125,0.7916666666666666,0.08333333333333333,0.8833333333333333,0.8833333333333333,0.0,0.5833333333333333,0.5833333333333333,0.0,0.7916666666666666,0.7083333333333333,0.08333333333333333
9lwjN0qKcMmkPuwm,0.7777777777777778,0.0,0.2222222222222222,0.10344827586206896,0.0,0.896551724137931,0.3125,0.0,0.6875,0.07317073170731707,0.0,0.926829268292683,0.6743295019157088,0.0,0.6743295019157088,0.4652777777777778,0.0,0.4652777777777778,0.7046070460704608,0.0,0.7046070460704608
1xTyy8Yf6i6ifmAF,0.0,1.0,0.0,0.0,0.47619047619047616,0.5238095238095238,0.0,0.7727272727272727,0.22727272727272727,0.0,0.5208333333333334,0.4791666666666667,0.0,0.5238095238095238,0.5238095238095238,0.0,0.2272727272727273,0.22727272727272727,0.0,0.47916666666666663,0.4791666666666667
fbIZ0LZgukfMgkpZ,0.0,0.15384615384615385,0.8461538461538461,0.0,0.6153846153846154,0.38461538461538464,0.0,0.625,0.375,0.0,0.5897435897435898,0.41025641025641024,0.0,0.46153846153846156,0.4615384615384615,0.0,0.47115384615384615,0.47115384615384615,0.0,0.4358974358974359,0.4358974358974359
B3cwnBPn5rcTfPwA,0.0,1.0,0.0,0.0,0.5416666666666666,0.4583333333333333,0.0,0.4782608695652174,0.5217391304347826,0.0,0.03571428571428571,0.9642857142857143,0.0,0.45833333333333337,0.4583333333333333,0.0,0.5217391304347826,0.5217391304347826,0.0,0.9642857142857143,0.9642857142857143
f4mnwtOJTfdkzuUv,0.0,1.0,0.0,0.0,0.9824561403508771,0.017543859649122806,0.0,0.9818181818181818,0.01818181818181818,0.0,1.0,0.0,0.0,0.01754385964912286,0.017543859649122806,0.0,0.018181818181818188,0.01818181818181818,0.0,0.0,0.0
Lw1Hqz6OyqoI4O6p,0.0,0.0,1.0,0.0,0.0,1.0,0.0,0.0,1.0,0.0,0.0,1.0,0.0,0.0,0.0,0.0,0.0,0.0,0.0,0.0,0.0
DGnNV2HjB9F9ch4Q,1.0,0.0,0.0,1.0,0.0,0.0,0.8,0.0,0.2,0.6,0.0,0.4,0.0,0.0,0.0,0.19999999999999996,0.0,0.2,0.4,0.0,0.4
3dUhwroMc486T5NC,0.0,0.0,1.0,0.0,0.5111111111111111,0.4888888888888889,0.0,0.2127659574468085,0.7872340425531915,0.0,0.3333333333333333,0.6666666666666666,0.0,0.5111111111111111,0.5111111111111111,0.0,0.2127659574468085,0.21276595744680848,0.0,0.3333333333333333,0.33333333333333337
tmDxPww1I7aTNVAc,0.0,0.0,1.0,0.0,0.0,1.0,0.0,0.0,1.0,0.0,0.0,1.0,0.0,0.0,0.0,0.0,0.0,0.0,0.0,0.0,0.0
djgMPpikDCznSCaS,0.0,1.0,0.0,0.0,1.0,0.0,0.0,1.0,0.0,0.0,1.0,0.0,0.0,0.0,0.0,0.0,0.0,0.0,0.0,0.0,0.0
gkCuE0v43M0XDmNU,0.0,0.18181818181818182,0.8181818181818182,0.0,0.2833333333333333,0.7166666666666667,0.0,0.2878787878787879,0.7121212121212122,0.0,0.25396825396825395,0.746031746031746,0.0,0.1015151515151515,0.10151515151515156,0.0,0.10606060606060608,0.10606060606060608,0.0,0.07215007215007213,0.07215007215007219
l69bLGIweD5ZftBs,1.0,0.0,0.0,0.0,0.16666666666666666,0.8333333333333334,0.4090909090909091,0.045454545454545456,0.5454545454545454,0.09523809523809523,0.0,0.9047619047619048,1.0,0.16666666666666666,0.8333333333333334,0.5909090909090908,0.045454545454545456,0.5454545454545454,0.9047619047619048,0.0,0.9047619047619048
SKiFq3UoR7V4KP3K,0.0,1.0,0.0,0.0,0.8918918918918919,0.10810810810810811,0.0,1.0,0.0,0.0,0.9767441860465116,0.023255813953488372,0.0,0.10810810810810811,0.10810810810810811,0.0,0.0,0.0,0.0,0.023255813953488413,0.023255813953488372
aTQjecEDtx4b8imi,0.0,1.0,0.0,0.0,0.9821428571428571,0.017857142857142856,0.0,0.8846153846153846,0.11538461538461539,0.0,0.9215686274509803,0.0784313725490196,0.0,0.017857142857142905,0.017857142857142856,0.0,0.11538461538461542,0.11538461538461539,0.0,0.07843137254901966,0.0784313725490196
W5HnuaQzbYpro6SV,0.0,1.0,0.0,0.0,1.0,0.0,0.0,1.0,0.0,0.0,1.0,0.0,0.0,0.0,0.0,0.0,0.0,0.0,0.0,0.0,0.0
C7AGm9qCbl0X2M5k,0.0,0.9166666666666666,0.08333333333333333,0.0,1.0,0.0,0.0,0.8695652173913043,0.13043478260869565,0.0,0.875,0.125,0.0,0.08333333333333337,0.08333333333333333,0.0,0.047101449275362306,0.04710144927536232,0.0,0.04166666666666663,0.04166666666666667
vns0RjJ5Vwj6KAVI,0.0,1.0,0.0,0.01694915254237288,0.9661016949152542,0.01694915254237288,0.0,0.9857142857142858,0.014285714285714285,0.0,0.921875,0.078125,0.01694915254237288,0.03389830508474578,0.01694915254237288,0.0,0.014285714285714235,0.014285714285714285,0.0,0.078125,0.078125
T5p4AfJkkarVEYNc,0.0,1.0,0.0,0.0,1.0,0.0,0.0,1.0,0.0,0.0,1.0,0.0,0.0,0.0,0.0,0.0,0.0,0.0,0.0,0.0,0.0
knCBXUgcrcO0sCgk,0.0,1.0,0.0,0.0,1.0,0.0,0.0,1.0,0.0,0.0,1.0,0.0,0.0,0.0,0.0,0.0,0.0,0.0,0.0,0.0,0.0
esJZIHuskLb2H6UW,0.0,1.0,0.0,0.0,0.06666666666666667,0.9333333333333333,0.0,0.6,0.4,0.0,0.0,1.0,0.0,0.9333333333333333,0.9333333333333333,0.0,0.4,0.4,0.0,1.0,1.0
SqGGRXEH2cGysg2t,0.0,1.0,0.0,0.0,1.0,0.0,0.0,1.0,0.0,0.0,1.0,0.0,0.0,0.0,0.0,0.0,0.0,0.0,0.0,0.0,0.0
WnfEzzZw0nGYM3ti,0.0,0.9444444444444444,0.05555555555555555,0.3333333333333333,0.5098039215686274,0.1568627450980392,0.19230769230769232,0.5192307692307693,0.28846153846153844,0.5849056603773585,0.09433962264150944,0.32075471698113206,0.3333333333333333,0.434640522875817,0.10130718954248366,0.19230769230769232,0.42521367521367515,0.23290598290598288,0.5849056603773585,0.850104821802935,0.26519916142557654
abDIEgtqECnQ1gc1,0.0,0.8,0.2,0.0,1.0,0.0,0.0,1.0,0.0,0.0,1.0,0.0,0.0,0.19999999999999996,0.2,0.0,0.19999999999999996,0.2,0.0,0.19999999999999996,0.2
G6akAYqnChxMTDHp,0.0,0.96,0.04,0.0,0.8169014084507042,0.18309859154929578,0.0,0.49295774647887325,0.5070422535211268,0.0,0.6428571428571429,0.35714285714285715,0.0,0.14309859154929572,0.14309859154929577,0.0,0.4670422535211267,0.46704225352112677,0.0,0.31714285714285706,0.31714285714285717
D0Nisj0XvTCeSrjl,0.7037037037037037,0.037037037037037035,0.25925925925925924,0.5121951219512195,0.3902439024390244,0.0975609756097561,0.5194805194805194,0.35064935064935066,0.12987012987012986,0.6865671641791045,0.0,0.31343283582089554,0.1915085817524842,0.35320686540198737,0.16169828364950314,0.1842231842231843,0.3136123136123136,0.1293891293891294,0.01713653952459926,0.037037037037037035,0.054173576561636294
TZbz8FXvoIBcnoza,0.0,1.0,0.0,0.0,1.0,0.0,0.0,1.0,0.0,0.0,1.0,0.0,0.0,0.0,0.0,0.0,0.0,0.0,0.0,0.0,0.0
HIsniFY0HfMQ0zom,0.0,0.0,1.0,0.0,0.0,1.0,0.0,0.0,1.0,0.0,0.0,1.0,0.0,0.0,0.0,0.0,0.0,0.0,0.0,0.0,0.0
RyRsBDE2hAhT0G5k,0.0,0.09090909090909091,0.9090909090909091,0.0,0.058823529411764705,0.9411764705882353,0.0,0.0,1.0,0.0,0.02857142857142857,0.9714285714285714,0.0,0.03208556149732621,0.03208556149732622,0.0,0.09090909090909091,0.09090909090909094,0.0,0.062337662337662345,0.06233766233766236
QMCgQtIVHaKp7wwa,0.8,0.2,0.0,0.7142857142857143,0.2857142857142857,0.0,0.6410256410256411,0.358974358974359,0.0,0.7777777777777778,0.2222222222222222,0.0,0.08571428571428574,0.08571428571428569,0.0,0.15897435897435896,0.15897435897435896,0.0,0.022222222222222254,0.0222222222222222,0.0
osjamcM917XfW7mX,0.0,1.0,0.0,0.0,1.0,0.0,0.0,1.0,0.0,0.0,1.0,0.0,0.0,0.0,0.0,0.0,0.0,0.0,0.0,0.0,0.0
JIA3is9hF5hj6er1,0.0,0.9090909090909091,0.09090909090909091,0.0,0.8571428571428571,0.14285714285714285,0.0,0.9302325581395349,0.06976744186046512,0.0,0.7222222222222222,0.2777777777777778,0.0,0.051948051948051965,0.05194805194805194,0.0,0.02114164904862581,0.021141649048625796,0.0,0.18686868686868685,0.18686868686868688
xyQcGlkCX1bKY6q2,0.0,1.0,0.0,0.0,1.0,0.0,0.0,1.0,0.0,0.0,1.0,0.0,0.0,0.0,0.0,0.0,0.0,0.0,0.0,0.0,0.0
z8KEo0ZFqjsDzlEt,0.0,0.0,1.0,0.14285714285714285,0.0,0.8571428571428571,0.09090909090909091,0.0,0.9090909090909091,0.0,0.0,1.0,0.14285714285714285,0.0,0.1428571428571429,0.09090909090909091,0.0,0.09090909090909094,0.0,0.0,0.0
5woP5Dnsrv3ICijx,0.8888888888888888,0.0,0.1111111111111111,0.5925925925925926,0.0,0.4074074074074074,0.5925925925925926,0.037037037037037035,0.37037037037037035,0.7,0.03333333333333333,0.26666666666666666,0.2962962962962963,0.0,0.2962962962962963,0.2962962962962963,0.037037037037037035,0.25925925925925924,0.18888888888888888,0.03333333333333333,0.15555555555555556
WJ9KXMVyg1fdBG7C,0.0,0.75,0.25,0.0,0.775,0.225,0.0,0.7804878048780488,0.21951219512195122,0.0,0.6,0.4,0.0,0.025000000000000022,0.024999999999999994,0.0,0.030487804878048808,0.03048780487804878,0.0,0.15000000000000002,0.15000000000000002
c6rk2OvrfkOWzc2J,0.0,0.07142857142857142,0.9285714285714286,0.0,0.7058823529411765,0.29411764705882354,0.0,0.9310344827586207,0.06896551724137931,0.0,0.32142857142857145,0.6785714285714286,0.0,0.6344537815126051,0.634453781512605,0.0,0.8596059113300493,0.8596059113300493,0.0,0.25,0.25
Rjlzl5b8MX7H5m9g,0.0,1.0,0.0,0.0,1.0,0.0,0.0,1.0,0.0,0.0,1.0,0.0,0.0,0.0,0.0,0.0,0.0,0.0,0.0,0.0,0.0
epQufoDVc75RjedM,0.0,0.9,0.1,0.05714285714285714,0.5428571428571428,0.4,0.058823529411764705,0.5,0.4411764705882353,0.8333333333333334,0.06666666666666667,0.1,0.05714285714285714,0.3571428571428572,0.30000000000000004,0.058823529411764705,0.4,0.3411764705882353,0.8333333333333334,0.8333333333333334,0.0
aMOpKij1LcUmFwdh,0.0,0.0,1.0,0.0,0.5348837209302325,0.46511627906976744,0.0,0.3541666666666667,0.6458333333333334,0.0,0.37735849056603776,0.6226415094339622,0.0,0.5348837209302325,0.5348837209302326,0.0,0.3541666666666667,0.35416666666666663,0.0,0.37735849056603776,0.37735849056603776
fhGneg9kKBV6jNbI,0.0,0.0,1.0,0.03333333333333333,0.7333333333333333,0.23333333333333334,0.08823529411764706,0.5294117647058824,0.38235294117647056,0.027777777777777776,0.8055555555555556,0.16666666666666666,0.03333333333333333,0.7333333333333333,0.7666666666666666,0.08823529411764706,0.5294117647058824,0.6176470588235294,0.027777777777777776,0.8055555555555556,0.8333333333333334
BD1oKeqKbYIIdSku,0.0,1.0,0.0,0.0,1.0,0.0,0.0,1.0,0.0,0.0,1.0,0.0,0.0,0.0,0.0,0.0,0.0,0.0,0.0,0.0,0.0
oDLtLYcSNSBc3jpj,1.0,0.0,0.0,1.0,0.0,0.0,1.0,0.0,0.0,1.0,0.0,0.0,0.0,0.0,0.0,0.0,0.0,0.0,0.0,0.0,0.0
fjiryg7CqJdPVDew,0.0,0.1111111111111111,0.8888888888888888,0.0,0.0,1.0,0.0,0.0,1.0,0.0,0.0,1.0,0.0,0.1111111111111111,0.11111111111111116,0.0,0.1111111111111111,0.11111111111111116,0.0,0.1111111111111111,0.11111111111111116
0bRf1O5k2r34PC1g,0.0,1.0,0.0,0.0,1.0,0.0,0.0,1.0,0.0,0.0,1.0,0.0,0.0,0.0,0.0,0.0,0.0,0.0,0.0,0.0,0.0
LPL9SSDDOCcU7cWx,0.0,0.18181818181818182,0.8181818181818182,0.0,1.0,0.0,0.0,1.0,0.0,0.0,1.0,0.0,0.0,0.8181818181818181,0.8181818181818182,0.0,0.8181818181818181,0.8181818181818182,0.0,0.8181818181818181,0.8181818181818182
BLNCtPCRvTkIaXCj,0.0,0.3888888888888889,0.6111111111111112,0.0,0.7272727272727273,0.2727272727272727,0.0,0.8405797101449275,0.15942028985507245,0.0,1.0,0.0,0.0,0.3383838383838384,0.33838383838383845,0.0,0.4516908212560386,0.4516908212560387,0.0,0.6111111111111112,0.6111111111111112
zbPysko8ljMLJFYy,1.0,0.0,0.0,1.0,0.0,0.0,1.0,0.0,0.0,1.0,0.0,0.0,0.0,0.0,0.0,0.0,0.0,0.0,0.0,0.0,0.0
Om7K79leQyMrI3om,0.0,0.0,1.0,0.0,0.0,1.0,0.0,0.0,1.0,0.0,0.0,1.0,0.0,0.0,0.0,0.0,0.0,0.0,0.0,0.0,0.0
PxdyNbKucF3QNDVV,0.0,0.0,1.0,0.0,0.0,1.0,0.0,0.0,1.0,0.0,0.0,1.0,0.0,0.0,0.0,0.0,0.0,0.0,0.0,0.0,0.0
4crEUWky3zMCo1FS,0.0,0.0,1.0,0.0,0.0,1.0,0.0,0.0,1.0,0.0,0.0,1.0,0.0,0.0,0.0,0.0,0.0,0.0,0.0,0.0,0.0
qLQjaPuWteE9meHJ,0.7407407407407407,0.0,0.25925925925925924,0.39436619718309857,0.0,0.6056338028169014,0.4461538461538462,0.0,0.5538461538461539,0.4027777777777778,0.0,0.5972222222222222,0.34637454355764213,0.0,0.34637454355764213,0.2945868945868945,0.0,0.29458689458689463,0.3379629629629629,0.0,0.33796296296296297
EXmYxG1hvosnby9S,0.0,1.0,0.0,0.0,1.0,0.0,0.0,1.0,0.0,0.0,1.0,0.0,0.0,0.0,0.0,0.0,0.0,0.0,0.0,0.0,0.0
ouwdpEGwzUGmj7wL,0.0,0.9375,0.0625,0.024390243902439025,0.975609756097561,0.0,0.0,1.0,0.0,0.2765957446808511,0.723404255319149,0.0,0.024390243902439025,0.038109756097560954,0.0625,0.0,0.0625,0.0625,0.2765957446808511,0.21409574468085102,0.0625
k6NPn1nhi6M2xbvI,0.0,0.13333333333333333,0.8666666666666667,0.0,0.3333333333333333,0.6666666666666666,0.0,0.13953488372093023,0.8604651162790697,0.0,0.08571428571428572,0.9142857142857143,0.0,0.19999999999999998,0.20000000000000007,0.0,0.006201550387596899,0.006201550387596955,0.0,0.047619047619047616,0.04761904761904756
JiKw2lCctCU8tk73,1.0,0.0,0.0,1.0,0.0,0.0,1.0,0.0,0.0,1.0,0.0,0.0,0.0,0.0,0.0,0.0,0.0,0.0,0.0,0.0,0.0
YljEFwrrrdOGErGG,0.0,1.0,0.0,0.0,1.0,0.0,0.0,1.0,0.0,0.0,1.0,0.0,0.0,0.0,0.0,0.0,0.0,0.0,0.0,0.0,0.0
Rw2xkbLRRD9GkEcU,0.0,0.0,1.0,0.0,0.06666666666666667,0.9333333333333333,0.0,0.1111111111111111,0.8888888888888888,0.0,0.2608695652173913,0.7391304347826086,0.0,0.06666666666666667,0.06666666666666665,0.0,0.1111111111111111,0.11111111111111116,0.0,0.2608695652173913,0.26086956521739135
QhmGPWqHuhHCBgue,1.0,0.0,0.0,1.0,0.0,0.0,1.0,0.0,0.0,0.9824561403508771,0.0,0.017543859649122806,0.0,0.0,0.0,0.0,0.0,0.0,0.01754385964912286,0.0,0.017543859649122806
2wBFkqXcJEunexTI,0.0,1.0,0.0,0.0,1.0,0.0,0.0,0.9629629629629629,0.037037037037037035,0.0,0.9875,0.0125,0.0,0.0,0.0,0.0,0.03703703703703709,0.037037037037037035,0.0,0.012499999999999956,0.0125
9M22SWciWvlORjvQ,0.0,1.0,0.0,0.0,1.0,0.0,0.0,0.9473684210526315,0.05263157894736842,0.0,0.9545454545454546,0.045454545454545456,0.0,0.0,0.0,0.0,0.052631578947368474,0.05263157894736842,0.0,0.045454545454545414,0.045454545454545456
UzritJCa7haeVsfC,0.0,0.038461538461538464,0.9615384615384616,0.0,0.1267605633802817,0.8732394366197183,0.0,0.03896103896103896,0.961038961038961,0.0,0.07228915662650602,0.927710843373494,0.0,0.08829902491874322,0.08829902491874331,0.0,0.0004995004995004965,0.0004995004995005381,0.0,0.03382761816496756,0.0338276181649676
1pNgrl1BzLXWlJOv,0.0,1.0,0.0,0.0,1.0,0.0,0.0,1.0,0.0,0.0,1.0,0.0,0.0,0.0,0.0,0.0,0.0,0.0,0.0,0.0,0.0
s795gCjqW2XYUezQ,0.0,0.4375,0.5625,0.0,0.06,0.94,0.0,0.3508771929824561,0.6491228070175439,0.0,0.2,0.8,0.0,0.3775,0.37749999999999995,0.0,0.08662280701754388,0.08662280701754388,0.0,0.2375,0.23750000000000004
AC8m8xRQhdmB4vCj,0.0,1.0,0.0,0.0,1.0,0.0,0.0,1.0,0.0,0.0,1.0,0.0,0.0,0.0,0.0,0.0,0.0,0.0,0.0,0.0,0.0
Uv6ZcFDDCM7AY6fW,0.07142857142857142,0.21428571428571427,0.7142857142857143,0.0,0.0,1.0,0.05405405405405406,0.0,0.9459459459459459,0.39473684210526316,0.0,0.6052631578947368,0.07142857142857142,0.21428571428571427,0.2857142857142857,0.017374517374517368,0.21428571428571427,0.23166023166023164,0.32330827067669177,0.21428571428571427,0.10902255639097747
Ja4W7142u5NxfD3x,0.0,1.0,0.0,0.0,1.0,0.0,0.0,1.0,0.0,0.0,1.0,0.0,0.0,0.0,0.0,0.0,0.0,0.0,0.0,0.0,0.0
lOtsJIKz7RwGcMRc,0.0,0.6666666666666666,0.3333333333333333,0.0,0.18181818181818182,0.8181818181818182,0.0,0.5454545454545454,0.45454545454545453,0.0,0.8125,0.1875,0.0,0.4848484848484848,0.4848484848484849,0.0,0.12121212121212122,0.12121212121212122,0.0,0.14583333333333337,0.14583333333333331
zzwPV6NCYsMiDb0a,0.0,1.0,0.0,0.0,1.0,0.0,0.0,1.0,0.0,0.0,1.0,0.0,0.0,0.0,0.0,0.0,0.0,0.0,0.0,0.0,0.0
i4ewQlIn28pJEjL3,0.0,1.0,0.0,0.0,1.0,0.0,0.0,1.0,0.0,0.0,0.96875,0.03125,0.0,0.0,0.0,0.0,0.0,0.0,0.0,0.03125,0.03125
ScdjZj3ytxTzAJdE,0.0,0.0,1.0,0.0,0.0,1.0,0.0,0.40384615384615385,0.5961538461538461,0.0,0.0784313725490196,0.9215686274509803,0.0,0.0,0.0,0.0,0.40384615384615385,0.40384615384615385,0.0,0.0784313725490196,0.07843137254901966
CmO0ppBB5IrITcr6,0.0,1.0,0.0,0.0,1.0,0.0,0.0,1.0,0.0,0.0,1.0,0.0,0.0,0.0,0.0,0.0,0.0,0.0,0.0,0.0,0.0
tQfr2RdR29zYbdUW,0.0,0.5,0.5,0.0,0.8928571428571429,0.10714285714285714,0.0,0.625,0.375,0.0,0.7575757575757576,0.24242424242424243,0.0,0.3928571428571429,0.39285714285714285,0.0,0.125,0.125,0.0,0.25757575757575757,0.25757575757575757
d5RlAya0eNOJPPY8,0.0,1.0,0.0,0.0,1.0,0.0,0.0,1.0,0.0,0.0,1.0,0.0,0.0,0.0,0.0,0.0,0.0,0.0,0.0,0.0,0.0
alISAqQL68PkbgLN,0.0,0.9130434782608695,0.08695652173913043,0.0,1.0,0.0,0.0,0.881578947368421,0.11842105263157894,0.0,1.0,0.0,0.0,0.08695652173913049,0.08695652173913043,0.0,0.031464530892448495,0.03146453089244851,0.0,0.08695652173913049,0.08695652173913043
XxGifxHFt7LB9FTL,1.0,0.0,0.0,0.5370370370370371,0.12962962962962962,0.3333333333333333,0.44,0.16,0.4,0.24561403508771928,0.21052631578947367,0.543859649122807,0.4629629629629629,0.12962962962962962,0.3333333333333333,0.56,0.16,0.4,0.7543859649122807,0.21052631578947367,0.543859649122807
5vRmRSIidbhDXZTP,1.0,0.0,0.0,0.0,0.17142857142857143,0.8285714285714286,0.0,0.21052631578947367,0.7894736842105263,0.0,0.0,1.0,1.0,0.17142857142857143,0.8285714285714286,1.0,0.21052631578947367,0.7894736842105263,1.0,0.0,1.0
UF4UaFg4w5o5TWBF,0.0,1.0,0.0,0.0,0.8235294117647058,0.17647058823529413,0.0,0.7380952380952381,0.2619047619047619,0.0,1.0,0.0,0.0,0.17647058823529416,0.17647058823529413,0.0,0.26190476190476186,0.2619047619047619,0.0,0.0,0.0
UFYE4OeVeGaY3Zb4,0.0,1.0,0.0,0.0,0.9782608695652174,0.021739130434782608,0.0,1.0,0.0,0.0,1.0,0.0,0.0,0.021739130434782594,0.021739130434782608,0.0,0.0,0.0,0.0,0.0,0.0
1RMZgNDRNcgjGggN,0.0,0.9285714285714286,0.07142857142857142,0.0,0.9285714285714286,0.07142857142857142,0.0,0.84375,0.15625,0.0,0.8,0.2,0.0,0.0,0.0,0.0,0.0848214285714286,0.08482142857142858,0.0,0.12857142857142856,0.1285714285714286
iphQ9cEXeCwonFPP,0.0,1.0,0.0,0.0,1.0,0.0,0.0,1.0,0.0,0.0,0.6666666666666666,0.3333333333333333,0.0,0.0,0.0,0.0,0.0,0.0,0.0,0.33333333333333337,0.3333333333333333
Zt6RO6Syc6aqs5LL,0.0,0.0,1.0,0.0,0.0,1.0,0.0,0.28205128205128205,0.717948717948718,0.0,0.02564102564102564,0.9743589743589743,0.0,0.0,0.0,0.0,0.28205128205128205,0.28205128205128205,0.0,0.02564102564102564,0.02564102564102566
Hg5KK0yKCHLiEdqA,0.0,1.0,0.0,0.0,1.0,0.0,0.0,1.0,0.0,0.0,1.0,0.0,0.0,0.0,0.0,0.0,0.0,0.0,0.0,0.0,0.0
bYvkqGtciw44QSP9,1.0,0.0,0.0,0.9245283018867925,0.0,0.07547169811320754,0.9807692307692307,0.0,0.019230769230769232,0.9375,0.0,0.0625,0.07547169811320753,0.0,0.07547169811320754,0.019230769230769273,0.0,0.019230769230769232,0.0625,0.0,0.0625
mean,0.1667642591326802,0.5134903764286678,0.319745364438652,0.12227652377355526,0.5217855933276699,0.35593788289877487,0.13029885133344132,0.5429416632881646,0.32675948537839405,0.12328166655496517,0.5050156399250388,0.37170269351999596,0.06710535182410936,0.15198529886884443,0.17476752668557027,0.06328472647667945,0.1369281666013657,0.15598386206973192,0.07610168778202933,0.15098596770835154,0.16348943622561757
mean_excl_zero,0.42105263157894735,0.5263157894736842,0.05263157894736842,0.16216216216216217,0.40540540540540543,0.43243243243243246,0.47692307692307695,0.49230769230769234,0.03076923076923077,0.43137254901960786,0.47058823529411764,0.09803921568627451,0.2588904694167852,0.12091038406827875,0.37980085348506404,0.055870445344129605,0.034008097165991846,0.021862348178137647,0.01031991744066052,0.05572755417956654,0.04540763673890609
non_zero_ratio_center,0.006666666666666667,0.006666666666666667,0.006666666666666667,0.006666666666666667,0.006666666666666667,0.006666666666666667,0.006666666666666667,0.006666666666666667,0.006666666666666667,0.006666666666666667,0.006666666666666667,0.006666666666666667,0.006666666666666667,0.006666666666666667,0.006666666666666667,0.006666666666666667,0.006666666666666667,0.006666666666666667,0.006666666666666667,0.006666666666666667,0.006666666666666667
